#Wed Mar 16 12:30:01 GMT 2022
muzaffar2022=Mr,Syed Muhammed Muzaffar,Ali,Syed,09/10/2001,m.muzaffarali2001@gmail.com,07404675673,Mohammad Ali,254726666181,16778@mycampus.com
arham123=Mr,Muhammad Arham,Ehsan,Arham Ehsan,10/01/2001,arhamehsan76@gmail.com,07377582535,923313755690,Noreen Ehsan,16157@mycampus.com
Moiz123=Mr,Abdul Moiz ,Chaudhary,Moiz,17/01/2002,moizchaudhary1@gmail.com,07459102712,923218502132,Fazal ur Reman,15808@mycampus.com
Faran=Mr,Faran,Zafar,Faran Zafar,19/02/2003,farandeadz@gmail.com,07424871403,Zafar Iqbal,923017475633,15992@mycampus.com
username=Mr,faran,zafar,faran,10/10/20,farandeadz@gmail.com,0348598,FaranZafar,934509834,15992@mycampus.com
